<?xml version="1.0" encoding="UTF-8"?>
<project-private xmlns="http://www.netbeans.org/ns/project-private/1">
    <editor-bookmarks xmlns="http://www.netbeans.org/ns/editor-bookmarks/2" lastBookmarkId="0"/>
    <open-files xmlns="http://www.netbeans.org/ns/projectui-open-files/2">
        <group>
            <file>file:/E:/Java%20programming/Library/src/lulibrary/Member.java</file>
            <file>file:/E:/Java%20programming/Library/src/lulibrary/Lend.java</file>
            <file>file:/E:/Java%20programming/Library/src/lulibrary/category.java</file>
            <file>file:/E:/Java%20programming/Library/src/lulibrary/Book.java</file>
            <file>file:/E:/Java%20programming/Library/src/lulibrary/Main.java</file>
            <file>file:/E:/Java%20programming/Library/src/lulibrary/Publisher.java</file>
            <file>file:/E:/Java%20programming/Library/src/lulibrary/author.java</file>
            <file>file:/E:/Java%20programming/Library/src/lulibrary/Return.java</file>
            <file>file:/E:/Java%20programming/Library/src/lulibrary/Login.java</file>
        </group>
    </open-files>
</project-private>
